"variable","mindspore_spatial","paper_spatial","mindspore_global","paper_global","mindspore_total","paper_total","total_change_percent"
"tas","0.0645501109214897","0.107294","0.0525862834765545","0.0440271","0.327481528304262","0.327429","0.0160426548235225"
"pr","2.18149514933252","2.1281","0.168327669747269","0.2093","3.02313349806887","3.1746","-4.77119958203025"
"diurnal_temperature_range","8.67305602927634","9.91735","1.07093521528346","1.37219","14.0277321056936","16.7783","-16.393603012858"
"pr90","2.39385226568688","2.61022","0.319033340072565","0.345709","3.98901896604971","4.33876","-8.0608522700102"
