scenario,variable,rmse_spatial,rmse_global,nrmse_spatial,nrmse_global,nrmse_total
ssp245,pr90,1.5030733558576581,0.042684193212696446,0.815437602462445,0.6473063305809125,0.7313719665216787
