scenario,variable,rmse_spatial,rmse_global,nrmse_spatial,nrmse_global,nrmse_total
ssp245,tas,0.3535767286083846,0.10394523572558723,0.34976097744220463,0.24309515981726315,0.2964280686297339
