scenario,variable,rmse_spatial,rmse_global,nrmse_spatial,nrmse_global,nrmse_total
ssp245,diurnal_temperature_range,0.14571116587026112,0.011213536288017639,0.5115460870269726,0.6426918964174784,0.5771189917222255
