"scenario","variable","year_start","year_end","rmse_spatial","rmse_global","nrmse_spatial","nrmse_global","nrmse_total"
"ssp245","tas","2080","2100","0.1336537222458023","0.1088821138396308","0.06455011092148968","0.05258628347655448","0.32748152830426214"
"ssp245","pr","2080","2100","0.14221702385479065","0.010973693996612107","2.181495149332521","0.16832766974726926","3.0231334980688676"
"ssp245","diurnal_temperature_range","2080","2100","0.09712302134138334","0.011992596775359831","8.673056029276337","1.070935215283461","14.02773210569364"
"ssp245","pr90","2080","2100","0.37028319848245356","0.04934836091512654","2.3938522656868813","0.3190333400725648","3.9890189660497053"
