scenario,variable,rmse_spatial,rmse_global,nrmse_spatial,nrmse_global,nrmse_total
ssp245,pr,0.5163992995476181,0.011455277006865834,0.8032467052910487,0.4618532636324648,0.6325499844617568
