{
  "CO2": [
    974.5254775433428,
    1661.7665450866357
  ],
  "CH4": [
    0.18699082122549743,
    0.17641607528298064
  ],
  "SO2": [
    2.633296648077545e-12,
    2.294581265062367e-11
  ],
  "BC": [
    1.4956084950986316e-13,
    1.0197110832802721e-12
  ]
}