scenario,variable,rmse_spatial,rmse_global,nrmse_spatial,nrmse_global,nrmse_total
ssp245,tas,0.3585013415605938,0.10690813608262828,0.35463244465235855,0.25002445033057735,0.3023284474914679
